<?xml version="1.0" encoding="UTF-8"?>
<setup	xmlns="http://databene.org/benerator/${version.version}"
		xmlns:xsi="http://www.w3.org/2001/XMLSchema-instance"
		xsi:schemaLocation="http://databene.org/benerator/${version.version} benerator-${version.version}.xsd">

    <iterate source="products.ent.xls" consumer="ConsoleExporter"/>
        
    <generate type="transaction" count="100">
        <variable name="product" type="Product" source="products.ent.xls" distribution="random"/>
        
        <id name="id" type="long"/>
        <attribute name="comment"  type="string" pattern="[A-Z][a-z]{5,12}"/>
        <attribute name="ean_code" type="string" script="product.ean_code"/>
        <attribute name="price"    type="big_decimal" granularity="0.01" script="product.price"/>
        <attribute name="items"    type="short" min="1" max="27"/>
        
        <consumer class="XLSEntityExporter">
            <property name="uri" value="transactions.out.xls"/>
        </consumer>
    </generate>
    
</setup>