<?xml version="1.0" encoding="UTF-8"?>
<setup 
	xmlns="http://databene.org/benerator/${version.version}"
	xmlns:xsi="http://www.w3.org/2001/XMLSchema-instance"
	xsi:schemaLocation="http://databene.org/benerator/${version.version} benerator-${version.version}.xsd">

    <comment>
        Reproduces an existing database
    </comment>

    <comment>defining a database that will be referred by the id 'db' later</comment>
    <database id="db" />

    <comment>Drop the current tables and sequences if they already exist</comment>
    <execute uri="{drop_tables.sql}" target="db" onError="ignore"/>

    <comment>Create the tables and sequences</comment>
    <execute uri="{create_tables.sql}" target="db" optimize="true"/>

    <comment>Create a valid predefined base data set for regression testing by importing a DbUnit file</comment>
    <iterate source="${setup.dbSnapshotFile}" consumer="db" />

    <generate type="tables" />
	
</setup>