<?xml version="1.0" encoding="UTF-8"?>
<setup 
	xmlns="http://databene.org/benerator/${version.version}"
	xmlns:xsi="http://www.w3.org/2001/XMLSchema-instance"
	xsi:schemaLocation="http://databene.org/benerator/${version.version} http://databene.org/benerator-${version.version}.xsd">

	<comment>
		 - - - - - - - - - - - - - - - - - - - - - - - - - - - - - - -
		 !   Demonstration file for populating the shop database.    !
		 - - - - - - - - - - - - - - - - - - - - - - - - - - - - - -->
	</comment>
	 
	<import domains   = "person,net,product" />
	<import platforms = "db"/>

	<include uri="benerator.properties" />

	<comment>log the settings to the console</comment>
	<echo>Starting generation for</echo>
	<echo>{ftl:  ${product_count + 6} products}</echo>
	<echo>{ftl:  ${customer_count + 1} customers}</echo>
	<echo>{ftl:  ${orders_per_customer} orders per customer}</echo>
	<echo>{ftl:  ${items_per_order} items per order}</echo>
	<echo>{ftl:encoding:${context.defaultEncoding} default pageSize:${context.defaultPageSize}}</echo>

    <comment>define a database that will be referred by the id 'db' subsequently</comment>
    <database id="db" />

	<comment>drop the current tables/sequences if they exist and recreate them</comment>
	<execute uri="{ftl:sql/${db.system}/drop_tables.${db.system}.sql}"   target="db" onError="ignore" />
	<execute uri="{ftl:sql/${db.system}/create_tables.${db.system}.sql}" target="db" />

	<bean id="idGen" spec="new IncrementGenerator(1000)" />

	<comment>Creating a valid base data set for regression testing by importing a DbUnit file</comment>
	<iterate source="shop.dbunit.xml" consumer="db" />

	<comment>Importing some more predefined products from a CSV file</comment>
	<iterate source="products.ent.csv" type="db_product" encoding="utf-8" consumer="db" />

	<comment>You could import them from a fixed column width file as well, e.g.
		iterate name="db_product" source="products.import.fcw" 
			pattern="ean_code[13],name[30],category_id[9],price[8r0],manufacturer[30]" consumer="db" /</comment>

	<comment>
		Creating products of random attributes and category and exporting them to 
		the database as well as to a fixed column width file
	</comment>
	<generate type="db_product" count="{product_count}" consumer="db">
		<id name="ean_code" generator="new EANGenerator(true)" />
		<reference name="category_id" targetType="db_category" source="db" distribution="random" />
		<attribute name="price" type="big_decimal" min="0.49" max="99.99" granularity="0.10" distribution="cumulated" />
		<!-- Export the generated products not only to the database, but also to a fixed column width file -->
		<consumer class="FixedWidthEntityExporter">
			<property name="uri" value="products.fcw" />
			<property name="columns" value="ean_code[13],name[30l],price[10.2r0]" />
		</consumer>
	</generate>

    <comment>create customers</comment>
    <generate type="db_user" count="{customer_count}" consumer="db">
        <variable name="person" generator="PersonGenerator" />
        <id name="id" generator="idGen" />
        <attribute name="name" script="person.givenName + ' ' + person.familyName" />
        <attribute name="email" generator="EMailAddressGenerator" />
        <attribute name="password" pattern="[A-Za-z0-9]{8,12}" />
        <reference name="role_id" constant="customer" />
        <generate type="db_customer" count="1" consumer="db">
            <id name="id" script="db_user.id" />
            <attribute name="category" values="'A','B','C'" />
            <attribute name="salutation" script="person.salutation" />
            <attribute name="first_name" script="person.givenName" />
            <attribute name="last_name" script="person.familyName" />
            <attribute name="birth_date" nullable="false" />
            <!-- Export the customers not only to the database, but their names and passwords to a CSV file -->
            <consumer class="CSVEntityExporter">
                <property name="uri" value="customers.csv" />
                <property name="columns" value="id,password" />
            </consumer>
        </generate>
    </generate>

	<comment>create orders for random customers and random products</comment>
	<generate type="db_order" count="{customer_count * orders_per_customer}" consumer="db">
        <id name="id" generator="idGen" />
		<reference name="customer_id" source="db" targetType="db_customer" cyclic="true" />
        <attribute name="total_price" constant="0" />
	</generate>

	<comment>create order items</comment>
	<generate type="db_order_item"
			count="{customer_count * orders_per_customer * items_per_order}" consumer="db">
		<variable name="product" source="db" selector="select ean_code, price from db_product" distribution="cumulated" />
        <id name="id" generator="idGen" />
		<attribute name="number_of_items" min="1" max="27" distribution="cumulated" />
		<reference name="order_id" source="db" selector="select id from db_order where id &gt; 1" cyclic="true" />
		<reference name="product_ean_code" script="product[0]" />
		<attribute name="total_price" script="product[1] * db_order_item.number_of_items" />
	</generate>

    <comment>Update order data, calculating the total sum of each order</comment>
    <iterate source="db" type="db_order" consumer="db.updater()">
        <attribute name="total_price" source="db" 
            selector="{{ftl:select sum(total_price) from db_order_item where order_id = ${db_order.id}}}" 
            cyclic="true"/>
    </iterate>

</setup>