<?xml version="1.0"?>
<dataset>

    <!-- shop data - - - - - - - - - - - - - - - - - - - - - - - - - - - - - - - - - - - - - - - - - - - - - - - - - -->

    <db_category id="FOOD" name="Food" />
    <db_category id="FOOD/MEAT" name="Meat"                     parent_id="FOOD" />
    <db_category id="FOOD/FISH" name="Fish"                     parent_id="FOOD" />
    <db_category id="FOOD/FRES" name="Fresh Products"           parent_id="FOOD" />
    <db_category id="FOOD/DAIR" name="Dairy Products"           parent_id="FOOD" />
    <db_category id="FOOD/BKRY" name="Bakery Products"          parent_id="FOOD" />
    <db_category id="FOOD/FROZ" name="Frozen Food"              parent_id="FOOD" />
    <db_category id="FOOD/CAND" name="Canned Food"              parent_id="FOOD" />
    <db_category id="FOOD/CHIL" name="Chilled Food"             parent_id="FOOD" />
    <db_category id="FOOD/DRIE" name="Dried Food"               parent_id="FOOD" />
    <db_category id="FOOD/CONF" name="Confectionery"            parent_id="FOOD" />
    <db_category id="FOOD/MISC" name="Miscellaneous Foods"      parent_id="FOOD" />
    <db_category id="FOOD/BABY" name="Baby Food"                parent_id="FOOD" />
    <db_category id="FOOD/PETS" name="Pet Foods"                parent_id="FOOD" />
    <db_category id="FOOD/HBEV" name="Hot Beverages"            parent_id="FOOD" />
    <db_category id="DRNK" name="Drinks" />
    <db_category id="DRNK/SOFT" name="Soft Drinks"              parent_id="DRNK" />
    <db_category id="DRNK/ALCO" name="Alcoholic Drinks"         parent_id="DRNK" />
    <db_category id="TOBC" name="Tobacco" />
    <db_category id="CLEA" name="Household cleaning products" />
    <db_category id="CLEA/TEXT" name="Textile Washing Products" parent_id="CLEA" />
    <db_category id="CLEA/DSIH" name="Dishwashing Products"     parent_id="CLEA" />
    <db_category id="CLEA/OTHR" name="Other Cleaning Products"  parent_id="CLEA" />
    <db_category id="COSM" name="Cosmetics and toiletries" />
    <db_category id="HOUS" name="Housewares" />
    <db_category id="FURN" name="Home Furnishings" />
    <db_category id="CLTH" name="Clothing &amp; Footwear" />
    <db_category id="LEIS" name="Leisure Goods" />

    <db_product ean_code="4004768406056" name="Gebirgswasser"        category_id="DRNK/SOFT" price="0.87" manufacturer="Stolzenbacher" />
    <db_product ean_code="8006550301040" name="Ramazzotti"           category_id="DRNK/ALCO" price="8.95" manufacturer="Dist. Fratelli Ramazzotti" />
    <db_product ean_code="8076800195057" name="Spaghetti n°5"        category_id="DRNK/ALCO" price="1.20" manufacturer="Barilla" />

    <!-- user data - - - - - - - - - - - - - - - - - - - - - - - - - - - - - - - - - - - - - - - - - - - - - - - - - -->

    <db_role name="administrator" />
    <db_role name="clerk" />
    <db_role name="customer" />

    <db_user id="1" name="alice"  password="alice"  email="alice@somewhere.com"       role_id="administrator" active="1"/>
    <db_user id="2" name="{user.name}" password="{user.name}" email="{user_email}" role_id="administrator" active="1"/>
    <db_user id="3" name="bob"    password="bob"    email="bob@somewhere.com"         role_id="clerk"         active="1"/>
    <db_user id="4" name="charly" password="charly" email="charly@somewhere_else.com" role_id="customer"      active="1"/>

    <db_customer id="4" category="A" salutation="Mr" first_name="Charly" last_name="Brown" />

    <!-- order data  - - - - - - - - - - - - - - - - - - - - - - - - - - - - - - - - - - - - - - - - - - - - - - - - -->

    <db_order id="1" customer_id="4" created_at="2007-01-01" total_price="87.00"/>

    <db_order_item id="1" order_id="1" number_of_items="10" product_ean_code="4004768406056" total_price="8.70" />

    <!-- end - - - - - - - - - - - - - - - - - - - - - - - - - - - - - - - - - - - - - - - - - - - - - - - - - - - - -->

</dataset>
