<?xml version="1.0" encoding="UTF-8"?>
<setup 
	xmlns="http://databene.org/benerator/${version.version}"
	xmlns:xsi="http://www.w3.org/2001/XMLSchema-instance"
	xsi:schemaLocation="http://databene.org/benerator/${version.version} benerator-${version.version}.xsd">

	<comment>
		 Populates a database
	</comment>
	 
    <comment>defining a database that will be referred by the id 'db' later</comment>
    <database id="db" />

	<comment>Drop the testtable if it already exist. If it does not exist yet, the error message is ignored</comment>
	<execute target="db" onError="ignore">
		drop table testtable;
	</execute>
	
	<comment>Creating testtable</comment>
	<execute target="db" >
		create table testtable (
			id int not null,
			n  int not null,
			primary key (id)
		)
	</execute>
	
	<comment>Generating 100 entries for testtable</comment>
	<generate type="testtable" consumer="db,ConsoleExporter" count="100">
		<id name="id" />
		<attribute name="n" min="1" max="42" distribution="cumulated"/>
	</generate>

</setup>