<?xml version="1.0" encoding="UTF-8"?>
<setup
	xmlns="http://databene.org/benerator/${version.version}"
	xmlns:xsi="http://www.w3.org/2001/XMLSchema-instance"
	xsi:schemaLocation="http://databene.org/benerator/${version.version} benerator-${version.version}.xsd">

	<comment>
		Simple project
	</comment>
	
	<import domains="person, address"/>

	<echo message="Starting test data generation..." />

	<comment>Dummy entity</comment>
	<generate type="sample" count="100" consumer="ConsoleExporter">
		<id name="id" type="long"/>
		<attribute name="name" values="'Alice','Bob','Charly'" />
		<attribute name="phone" pattern="[1-9][0-9]{2}\-[0-9]{6}"/>
	</generate>

</setup>