<?xml version="1.0" encoding="UTF-8"?>
<setup xmlns="http://databene.org/benerator/${version.version}"
		xmlns:xsi="http://www.w3.org/2001/XMLSchema-instance"
		xsi:schemaLocation="http://databene.org/benerator/${version.version} benerator-${version.version}.xsd">

	<comment>
		 Demonstrates how to extend benerator's interfaces for customizations
	</comment>
	 
	<bean id="mysource" class="com.my.PersonSource"/>
	
	<generate type="Transaction" count="100" consumer="com.my.ConsoleConsumer">
		<variable name="person" source="mysource" distribution="com.my.ReciprocalWeight"/>
		<id name="id"/>
		<attribute name="amount" type="int"/>
		<attribute name="creditcard" 
			generator="new com.my.NumberGenerator(1000000000000)" 
			converter="new com.my.NumberConverter('0000000000000')" 
			validator="com.my.CreditCardValidator"/>
		<attribute name="owner" script="{person.firstname}" />
	</generate>

</setup>